{
  "timestamp": "2025-11-26T13:07:47.345796",
  "ground_truth": {
    "fleft": {
      "yaw": -5.75921630859375,
      "pitch": 25.69268798828125,
      "filename": "yh_fleft.jpeg"
    },
    "fright": {
      "yaw": -4.603806018829346,
      "pitch": -27.467317581176758,
      "filename": "yh_frignt.jpeg"
    }
  },
  "comparisons": {
    "fleft": {
      "matched_count": 3,
      "matched_angles": [
        "left"
      ],
      "statistics": {
        "mean": 0.6642388701438904,
        "std": 0.01275714859366417,
        "max": 0.6793217062950134,
        "min": 0.6481243371963501
      },
      "top_matches": [
        {
          "rank": 1,
          "similarity": 0.6793217062950134,
          "angle": "left",
          "yaw": -19.264032617644872,
          "pitch": 0.0,
          "cctv_index": 7
        },
        {
          "rank": 2,
          "similarity": 0.6652705669403076,
          "angle": "left",
          "yaw": -23.661052286335998,
          "pitch": 0.0,
          "cctv_index": 8
        },
        {
          "rank": 3,
          "similarity": 0.6481243371963501,
          "angle": "left",
          "yaw": -30.99225770483331,
          "pitch": 0.0,
          "cctv_index": 9
        }
      ],
      "angle_breakdown": {
        "left": {
          "count": 3,
          "mean": 0.6642388701438904,
          "std": 0.01275714859366417,
          "max": 0.6793217062950134,
          "min": 0.6481243371963501
        }
      },
      "threshold_analysis": {
        "0.3": {
          "count": 3,
          "percentage": 100.0
        },
        "0.4": {
          "count": 3,
          "percentage": 100.0
        },
        "0.5": {
          "count": 3,
          "percentage": 100.0
        },
        "0.6": {
          "count": 3,
          "percentage": 100.0
        },
        "0.7": {
          "count": 0,
          "percentage": 0.0
        }
      }
    },
    "fright": {
      "matched_count": 5,
      "matched_angles": [
        "front",
        "right"
      ],
      "statistics": {
        "mean": 0.5880836248397827,
        "std": 0.08925491571426392,
        "max": 0.6674620509147644,
        "min": 0.439835786819458
      },
      "top_matches": [
        {
          "rank": 1,
          "similarity": 0.6674620509147644,
          "angle": "right",
          "yaw": 24.11501364501571,
          "pitch": 0.0,
          "cctv_index": 13
        },
        {
          "rank": 2,
          "similarity": 0.6653448939323425,
          "angle": "front",
          "yaw": 0.0491177913700944,
          "pitch": 0.0,
          "cctv_index": 6
        },
        {
          "rank": 3,
          "similarity": 0.6365628838539124,
          "angle": "right",
          "yaw": 35.89881690359334,
          "pitch": 0.0,
          "cctv_index": 12
        },
        {
          "rank": 4,
          "similarity": 0.5312126874923706,
          "angle": "front",
          "yaw": 3.580147733811913,
          "pitch": 0.0,
          "cctv_index": 5
        },
        {
          "rank": 5,
          "similarity": 0.439835786819458,
          "angle": "right",
          "yaw": 38.672200145324645,
          "pitch": 0.0,
          "cctv_index": 0
        }
      ],
      "angle_breakdown": {
        "right": {
          "count": 3,
          "mean": 0.5812869071960449,
          "std": 0.1008133739233017,
          "max": 0.6674620509147644,
          "min": 0.439835786819458
        },
        "front": {
          "count": 2,
          "mean": 0.5982787609100342,
          "std": 0.06706610321998596,
          "max": 0.6653448939323425,
          "min": 0.5312126874923706
        }
      },
      "threshold_analysis": {
        "0.3": {
          "count": 5,
          "percentage": 100.0
        },
        "0.4": {
          "count": 5,
          "percentage": 100.0
        },
        "0.5": {
          "count": 4,
          "percentage": 80.0
        },
        "0.6": {
          "count": 3,
          "percentage": 60.0
        },
        "0.7": {
          "count": 0,
          "percentage": 0.0
        }
      }
    }
  }
}